"filename", "language", "Python", "comment", "blank", "total"
"/Users/shajinhui/Documents/codeAbout/Python/Codex-mini/server/__init__.py", "Python", 0, 0, 1, 1
"/Users/shajinhui/Documents/codeAbout/Python/Codex-mini/server/app.py", "Python", 275, 23, 36, 334
"/Users/shajinhui/Documents/codeAbout/Python/Codex-mini/server/processors/__init__.py", "Python", 0, 0, 1, 1
"/Users/shajinhui/Documents/codeAbout/Python/Codex-mini/server/processors/request_dispatcher.py", "Python", 344, 23, 46, 413
"/Users/shajinhui/Documents/codeAbout/Python/Codex-mini/server/processors/title_processor.py", "Python", 91, 7, 28, 126
"/Users/shajinhui/Documents/codeAbout/Python/Codex-mini/server/protocol/__init__.py", "Python", 0, 0, 1, 1
"/Users/shajinhui/Documents/codeAbout/Python/Codex-mini/server/protocol/events.py", "Python", 29, 3, 11, 43
"/Users/shajinhui/Documents/codeAbout/Python/Codex-mini/server/protocol/serialization.py", "Python", 16, 2, 6, 24
"/Users/shajinhui/Documents/codeAbout/Python/Codex-mini/server/runtime/__init__.py", "Python", 0, 0, 1, 1
"/Users/shajinhui/Documents/codeAbout/Python/Codex-mini/server/runtime/model_config.py", "Python", 125, 20, 50, 195
"/Users/shajinhui/Documents/codeAbout/Python/Codex-mini/server/runtime/model_stream.py", "Python", 55, 40, 19, 114
"/Users/shajinhui/Documents/codeAbout/Python/Codex-mini/server/runtime/session_state.py", "Python", 73, 11, 20, 104
"/Users/shajinhui/Documents/codeAbout/Python/Codex-mini/server/runtime/transcript_events.py", "Python", 100, 4, 26, 130
"/Users/shajinhui/Documents/codeAbout/Python/Codex-mini/server/runtime/turn_runner.py", "Python", 442, 25, 50, 517
"/Users/shajinhui/Documents/codeAbout/Python/Codex-mini/server/runtime/websocket_context.py", "Python", 98, 17, 22, 137
"/Users/shajinhui/Documents/codeAbout/Python/Codex-mini/server/views/__init__.py", "Python", 0, 0, 1, 1
"/Users/shajinhui/Documents/codeAbout/Python/Codex-mini/server/views/session_summary.py", "Python", 125, 35, 39, 199
"Total", "-", 1773, 210, 358, 2341